<?xml version="1.0" encoding="UTF-8" standalone="yes"?>
<addon id="repository.sedundnes" name="seduNdneS Repo" version="0.0.3" provider-name="seduNdneS">
	<extension point="xbmc.addon.repository" name="seduNdneS">
		<info compressed="false">https://raw.githubusercontent.com/Firetvguru/_NotSure_/master/addons.xml</info>
		<checksum>https://raw.githubusercontent.com/Firetvguru/_NotSure_/master/addons.xml.md5</checksum>
		<datadir zip="true">https://raw.githubusercontent.com/Firetvguru/_NotSure_/master/</datadir>
	</extension>
	<extension point="xbmc.addon.metadata">
		<summary>seduNdneS Repo</summary>
		<description>My Repository has got Electrolytes because its what plants crave....</description>
		<platform>all</platform>
	</extension>
</addon>

