<?xml version="1.0" encoding="UTF-8" standalone="yes"?>
<addon id="script.snstream" name="Live" version="0.0.7" provider-name="seduNdneS">
  <requires>
    <import addon="xbmc.python" version="2.1.0"/>
	<import addon="script.module.requests" />
	<import addon="script.module.urlresolver" />
	<import addon="script.module.liveresolver"/>
	<import addon="script.module.beautifulsoup4" />
	<import addon="script.module.livestreamer" />
	<import addon="script.module.streamer" />
  </requires>
  <extension point="xbmc.python.pluginsource" library="default.py">
        <provides>all</provides>
  </extension>
  <extension point="xbmc.addon.metadata">
    <summary lang="en">Dependency Addon for Not Sure</summary>
    <description lang="en">Dependency Addon for Not Sure</description>
	<disclaimer lang="en">Dependency Addon for Not Sure</disclaimer>
    <platform>all</platform>
  </extension>
</addon>

