<?xml version="1.0" encoding="UTF-8" standalone="yes"?>
<addon id="script.snsports" 
         name="Sports" 
         version="0.0.5"
         provider-name="seduNdneS">
  <requires>
    <import addon="xbmc.python" version="2.1.0"/>
	<import addon="script.module.httplib2" />
    <import addon="script.module.simplejson" />
    <import addon="script.module.liveresolver" />
    <import addon="script.module.urlresolver" />
    <import addon="script.video.F4mProxy" />
    <import addon="plugin.video.f4mTester" />
    <import addon="plugin.video.SportsDevil" />
    <import addon="program.plexus" version="0.1.4" optional="true"/>
  </requires>
  <extension point="xbmc.python.pluginsource" library="default.py">
        <provides>all</provides>
  </extension> 
  <extension point="xbmc.addon.metadata">
    <platform>all</platform>
    <summary lang="en">Just a Depend</summary>
    <description lang="en">Just a Depend</description>
    <disclaimer lang="en">Just a Depend</disclaimer>
    <language></language>
    <platform>all</platform>
    <license>GNU GENERAL PUBLIC LICENSE. Version 2, June 1991</license>
    <forum>-</forum>
    <website>-</website>
    <email>-</email>
    <assets>
        <icon>icon.png</icon>
        <fanart>fanart.jpg</fanart>
    </assets>
  </extension>
</addon>